Status,class,category,fdc_id,data_type,description
,,,167782,sr_legacy_food,"Abiyuch, raw"
,,,171687,sr_legacy_food,"Acerola juice, raw"
,,,171686,sr_legacy_food,"Acerola, (west indian cherry), raw"
,,,168384,sr_legacy_food,"Alfalfa seeds, sprouted, raw"
,,,1103333,survey_fndds_food,"Alfalfa sprouts, raw"
,,,168385,sr_legacy_food,"Amaranth leaves, raw"
,,,2003590,foundation_food,"Apple juice, with added vitamin C, from concentrate, shelf stable"
,,,1102644,survey_fndds_food,"Apple, raw"
,,,1750340,foundation_food,"Apples, fuji, with skin, raw"
,,,1750341,foundation_food,"Apples, gala, with skin, raw"
,,,1750342,foundation_food,"Apples, granny smith, with skin, raw"
,,,1750343,foundation_food,"Apples, honeycrisp, with skin, raw"
,,,167793,sr_legacy_food,"Apples, raw, fuji, with skin (Includes foods for USDA's Food Distribution Program)"
,,,168204,sr_legacy_food,"Apples, raw, gala, with skin (Includes foods for USDA's Food Distribution Program)"
,,,168202,sr_legacy_food,"Apples, raw, golden delicious, with skin"
,,,168203,sr_legacy_food,"Apples, raw, granny smith, with skin (Includes foods for USDA's Food Distribution Program)"
,,,168201,sr_legacy_food,"Apples, raw, red delicious, with skin (Includes foods for USDA's Food Distribution Program)"
,,,171688,sr_legacy_food,"Apples, raw, with skin (Includes foods for USDA's Food Distribution Program)"
,,,171689,sr_legacy_food,"Apples, raw, without skin"
,,,173928,sr_legacy_food,"Apples, raw, without skin, cooked, boiled"
,,,173929,sr_legacy_food,"Apples, raw, without skin, cooked, microwave"
,,,1750339,foundation_food,"Apples, red delicious, with skin, raw"
,,,1102650,survey_fndds_food,"Apricot, raw"
,,,171697,sr_legacy_food,"Apricots, raw"
,,,169203,sr_legacy_food,"Arrowhead, raw"
,,,168490,sr_legacy_food,"Arrowroot, raw"
,,,1103334,survey_fndds_food,"Artichoke, raw"
,,,169205,sr_legacy_food,"Artichokes, (globe or french), raw"
,,,169387,sr_legacy_food,"Arugula, raw"
,,,1103335,survey_fndds_food,"Asparagus, raw"
,,,168389,sr_legacy_food,"Asparagus, raw"
,,,1102652,survey_fndds_food,"Avocado, raw"
,,,171705,sr_legacy_food,"Avocados, raw, all commercial varieties"
,,,171706,sr_legacy_food,"Avocados, raw, California"
,,,171707,sr_legacy_food,"Avocados, raw, Florida"
,,,168391,sr_legacy_food,"Balsam-pear (bitter gourd), leafy tips, raw"
,,,168393,sr_legacy_food,"Balsam-pear (bitter gourd), pods, raw"
,,,169210,sr_legacy_food,"Bamboo shoots, raw"
,,,1102653,survey_fndds_food,"Banana, raw"
,,,1105073,foundation_food,"Bananas, overripe, raw"
,,,173944,sr_legacy_food,"Bananas, raw"
,,,1105314,foundation_food,"Bananas, ripe and slightly ripe, raw"
,,,1103348,survey_fndds_food,"Basil, raw"
,,,1103336,survey_fndds_food,"Bean sprouts, raw"
,,,173727,sr_legacy_food,"Beans, adzuki, mature seeds, raw"
,,,175186,sr_legacy_food,"Beans, black turtle, mature seeds, raw"
,,,173734,sr_legacy_food,"Beans, black, mature seeds, raw"
,,,175189,sr_legacy_food,"Beans, cranberry (roman), mature seeds, raw"
,,,747444,foundation_food,"Beans, Dry, Black (0% moisture)"
,,,747433,foundation_food,"Beans, Dry, Brown (0% moisture)"
,,,747436,foundation_food,"Beans, Dry, Carioca (0% moisture)"
,,,747437,foundation_food,"Beans, Dry, Cranberry (0% moisture)"
,,,747440,foundation_food,"Beans, Dry, Dark Red Kidney (0% moisture)"
,,,747432,foundation_food,"Beans, Dry, Flor de Mayo (0% moisture)"
,,,747446,foundation_food,"Beans, Dry, Great Northern (0% moisture)"
,,,747438,foundation_food,"Beans, Dry, Light Red Kidney (0% moisture)"
,,,747435,foundation_food,"Beans, Dry, Light Tan (0% moisture)"
,,,747430,foundation_food,"Beans, Dry, Medium Red (0% moisture)"
,,,747441,foundation_food,"Beans, Dry, Navy (0% moisture)"
,,,747439,foundation_food,"Beans, Dry, Pink (0% moisture)"
,,,747445,foundation_food,"Beans, Dry, Pinto (0% moisture)"
,,,747431,foundation_food,"Beans, Dry, Red (0% moisture)"
,,,747443,foundation_food,"Beans, Dry, Small Red (0% moisture)"
,,,747442,foundation_food,"Beans, Dry, Small White (0% moisture)"
,,,747434,foundation_food,"Beans, Dry, Tan (0% moisture)"
,,,168574,sr_legacy_food,"Beans, fava, in pod, raw"
,,,173738,sr_legacy_food,"Beans, french, mature seeds, raw"
,,,175190,sr_legacy_food,"Beans, great northern, mature seeds, raw (Includes foods for USDA's Food Distribution Program)"
,,,175193,sr_legacy_food,"Beans, kidney, all types, mature seeds, raw"
,,,173742,sr_legacy_food,"Beans, kidney, california red, mature seeds, raw"
,,,169213,sr_legacy_food,"Beans, kidney, mature seeds, sprouted, raw"
,,,173744,sr_legacy_food,"Beans, kidney, red, mature seeds, raw"
,,,175196,sr_legacy_food,"Beans, kidney, royal red, mature seeds, raw"
,,,173745,sr_legacy_food,"Beans, navy, mature seeds, raw"
,,,169139,sr_legacy_food,"Beans, navy, mature seeds, sprouted, raw"
,,,173748,sr_legacy_food,"Beans, pink, mature seeds, raw"
,,,175199,sr_legacy_food,"Beans, pinto, mature seeds, raw (Includes foods for USDA's Food Distribution Program)"
,,,170086,sr_legacy_food,"Beans, pinto, mature seeds, sprouted, raw"
,,,173749,sr_legacy_food,"Beans, small white, mature seeds, raw"
,,,169961,sr_legacy_food,"Beans, snap, green, raw"
,,,169320,sr_legacy_food,"Beans, snap, yellow, raw"
,,,175202,sr_legacy_food,"Beans, white, mature seeds, raw"
,,,173751,sr_legacy_food,"Beans, yellow, mature seeds, raw"
,,,1103082,survey_fndds_food,"Beet greens, raw"
,,,170375,sr_legacy_food,"Beet greens, raw"
,,,1103338,survey_fndds_food,"Beets, raw"
,,,169145,sr_legacy_food,"Beets, raw"
,,,1102700,survey_fndds_food,"Blackberries, raw"
,,,173946,sr_legacy_food,"Blackberries, raw"
,,,1102702,survey_fndds_food,"Blueberries, raw"
,,,171711,sr_legacy_food,"Blueberries, raw"
,,,170481,sr_legacy_food,"Borage, raw"
,,,171714,sr_legacy_food,"Breadfruit, raw"
,,,175205,sr_legacy_food,"Broadbeans (fava beans), mature seeds, raw"
,,,170377,sr_legacy_food,"Broadbeans, immature seeds, raw"
,,,1103339,survey_fndds_food,"Broccoflower, raw"
,,,1103084,survey_fndds_food,"Broccoli raab, raw"
,,,170381,sr_legacy_food,"Broccoli raab, raw"
,,,1103184,survey_fndds_food,"Broccoli, chinese, raw"
,,,169404,sr_legacy_food,"Broccoli, chinese, raw"
,,,169330,sr_legacy_food,"Broccoli, flower clusters, raw"
,,,169329,sr_legacy_food,"Broccoli, leaves, raw"
,,,747447,foundation_food,"Broccoli, raw"
,,,1103170,survey_fndds_food,"Broccoli, raw"
,,,170379,sr_legacy_food,"Broccoli, raw"
,,,169331,sr_legacy_food,"Broccoli, stalks, raw"
,,,1103340,survey_fndds_food,"Brussels sprouts, raw"
,,,170383,sr_legacy_food,"Brussels sprouts, raw"
,,,169974,sr_legacy_food,"Burdock root, raw"
,,,790508,foundation_food,"Butter, stick, salted"
,,,789828,foundation_food,"Butter, stick, unsalted"
,,,170385,sr_legacy_food,"Butterbur, (fuki), raw"
,,,170390,sr_legacy_food,"Cabbage, chinese (pak-choi), raw"
,,,169979,sr_legacy_food,"Cabbage, chinese (pe-tsai), raw"
,,,1103342,survey_fndds_food,"Cabbage, Chinese, raw"
,,,169335,sr_legacy_food,"Cabbage, common (danish, domestic, and pointed types), freshly harvest, raw"
,,,169336,sr_legacy_food,"Cabbage, common (danish, domestic, and pointed types), stored, raw"
,,,1103341,survey_fndds_food,"Cabbage, green, raw"
,,,169975,sr_legacy_food,"Cabbage, raw"
,,,1103343,survey_fndds_food,"Cabbage, red, raw"
,,,169977,sr_legacy_food,"Cabbage, red, raw"
,,,170388,sr_legacy_food,"Cabbage, savoy, raw"
,,,1103344,survey_fndds_food,"Cactus, raw"
,,,1102655,survey_fndds_food,"Cantaloupe, raw"
,,,171715,sr_legacy_food,"Carambola, (starfruit), raw"
,,,169981,sr_legacy_food,"Cardoon, raw"
,,,173952,sr_legacy_food,"Carissa, (natal-plum), raw"
,,,168568,sr_legacy_food,"Carrots, baby, raw"
,,,746764,foundation_food,"Carrots, frozen, unprepared"
,,,1103193,survey_fndds_food,"Carrots, raw"
,,,170393,sr_legacy_food,"Carrots, raw"
,,,1103194,survey_fndds_food,"Carrots, raw, salad"
,,,1103195,survey_fndds_food,"Carrots, raw, salad with apples"
,,,1102657,survey_fndds_food,"Cassaba melon, raw"
,,,169985,sr_legacy_food,"Cassava, raw"
,,,169389,sr_legacy_food,"Cauliflower, green, raw"
,,,1103345,survey_fndds_food,"Cauliflower, raw"
,,,169986,sr_legacy_food,"Cauliflower, raw"
,,,170400,sr_legacy_food,"Celeriac, raw"
,,,1103346,survey_fndds_food,"Celery, raw"
,,,169988,sr_legacy_food,"Celery, raw"
,,,169990,sr_legacy_food,"Celtuce, raw"
,,,1103086,survey_fndds_food,"Chard, raw"
,,,169991,sr_legacy_food,"Chard, swiss, raw"
,,,170402,sr_legacy_food,"Chayote, fruit, raw"
,,,747429,foundation_food,"Cheese, American, restaurant"
,,,328637,foundation_food,"Cheese, cheddar"
,,,328841,foundation_food,"Cheese, cottage, lowfat, 2% milkfat"
,,,746765,foundation_food,"Cheese, dry white, queso seco"
,,,329370,foundation_food,"Cheese, mozzarella, low moisture, part-skim"
,,,325036,foundation_food,"Cheese, parmesan, grated"
,,,325198,foundation_food,"Cheese, pasteurized process, American, vitamin D fortified"
,,,746766,foundation_food,"Cheese, ricotta, whole milk"
,,,326135,foundation_food,"Cheese, swiss"
,,,173953,sr_legacy_food,"Cherimoya, raw"
,,,1102660,survey_fndds_food,"Cherries, raw"
,,,173954,sr_legacy_food,"Cherries, sour, red, raw"
,,,171719,sr_legacy_food,"Cherries, sweet, raw"
,,,173756,sr_legacy_food,"Chickpeas (garbanzo beans, bengal gram), mature seeds, raw"
,,,169992,sr_legacy_food,"Chicory greens, raw"
,,,169993,sr_legacy_food,"Chicory roots, raw"
,,,170404,sr_legacy_food,"Chicory, witloof, raw"
,,,1103349,survey_fndds_food,"Chives, raw"
,,,169994,sr_legacy_food,"Chives, raw"
,,,168491,sr_legacy_food,"Chrysanthemum leaves, raw"
,,,169995,sr_legacy_food,"Chrysanthemum, garland, raw"
,,,1103350,survey_fndds_food,"Cilantro, raw"
,,,1102590,survey_fndds_food,"Clementine, raw"
,,,168195,sr_legacy_food,"Clementines, raw"
,,,1103088,survey_fndds_food,"Collards, raw"
,,,170406,sr_legacy_food,"Collards, raw"
,,,169997,sr_legacy_food,"Coriander (cilantro) leaves, raw"
,,,1103351,survey_fndds_food,"Corn, raw"
,,,168538,sr_legacy_food,"Corn, sweet, white, raw"
,,,169998,sr_legacy_food,"Corn, sweet, yellow, raw"
,,,169219,sr_legacy_food,"Cornsalad, raw"
,,,169220,sr_legacy_food,"Cowpeas (blackeyes), immature seeds, raw"
,,,175208,sr_legacy_food,"Cowpeas, catjang, mature seeds, raw"
,,,173758,sr_legacy_food,"Cowpeas, common (blackeyes, crowder, southern), mature seeds, raw"
,,,169224,sr_legacy_food,"Cowpeas, leafy tips, raw"
,,,168405,sr_legacy_food,"Cowpeas, young pods with seeds, raw"
,,,171721,sr_legacy_food,"Crabapples, raw"
,,,1102706,survey_fndds_food,"Cranberries, raw"
,,,171722,sr_legacy_food,"Cranberries, raw"
,,,2003594,foundation_food,"Cranberry juice, not fortified, from concentrate, shelf stable"
,,,168407,sr_legacy_food,"Cress, garden, raw"
,,,1103102,survey_fndds_food,"Cress, raw"
,,,169225,sr_legacy_food,"Cucumber, peeled, raw"
,,,1103352,survey_fndds_food,"Cucumber, raw"
,,,168409,sr_legacy_food,"Cucumber, with peel, raw"
,,,173963,sr_legacy_food,"Currants, european black, raw"
,,,173964,sr_legacy_food,"Currants, red and white, raw"
,,,171725,sr_legacy_food,"Custard-apple, (bullock's-heart), raw"
,,,1103104,survey_fndds_food,"Dandelion greens, raw"
,,,169226,sr_legacy_food,"Dandelion greens, raw"
,,,170076,sr_legacy_food,"Dock, raw"
,,,168416,sr_legacy_food,"Drumstick leaves, raw"
,,,170483,sr_legacy_food,"Drumstick pods, raw"
,,,168192,sr_legacy_food,"Durian, raw or frozen"
,,,172189,sr_legacy_food,"Egg, duck, whole, fresh, raw"
,,,172190,sr_legacy_food,"Egg, goose, whole, fresh, raw"
,,,172191,sr_legacy_food,"Egg, quail, whole, fresh, raw"
,,,172192,sr_legacy_food,"Egg, turkey, whole, fresh, raw"
,,,172183,sr_legacy_food,"Egg, white, raw, fresh"
,,,172203,sr_legacy_food,"Egg, white, raw, frozen, pasteurized"
,,,171287,sr_legacy_food,"Egg, whole, raw, fresh"
,,,172202,sr_legacy_food,"Egg, whole, raw, frozen, pasteurized (Includes foods for USDA's Food Distribution Program)"
,,,170893,sr_legacy_food,"Egg, whole, raw, frozen, salted, pasteurized"
,,,172184,sr_legacy_food,"Egg, yolk, raw, fresh"
,,,173421,sr_legacy_food,"Egg, yolk, raw, frozen, pasteurized"
,,,173436,sr_legacy_food,"Egg, yolk, raw, frozen, salted, pasteurized"
,,,173422,sr_legacy_food,"Egg, yolk, raw, frozen, sugared, pasteurized"
,,,1103353,survey_fndds_food,"Eggplant, raw"
,,,169228,sr_legacy_food,"Eggplant, raw"
,,,747997,foundation_food,"Eggs, Grade A, Large, egg white"
,,,748967,foundation_food,"Eggs, Grade A, Large, egg whole"
,,,748236,foundation_food,"Eggs, Grade A, Large, egg yolk"
,,,171727,sr_legacy_food,"Elderberries, raw"
,,,168412,sr_legacy_food,"Endive, raw"
,,,169398,sr_legacy_food,"Epazote, raw"
,,,170078,sr_legacy_food,"Eppaw, raw"
,,,168176,sr_legacy_food,"Feijoa, raw"
,,,1103347,survey_fndds_food,"Fennel bulb, raw"
,,,169385,sr_legacy_food,"Fennel, bulb, raw"
,,,169405,sr_legacy_food,"Fiddlehead ferns, raw"
,,,1102663,survey_fndds_food,"Fig, raw"
,,,746768,foundation_food,"Figs, dried, uncooked"
,,,173021,sr_legacy_food,"Figs, raw"
,,,169399,sr_legacy_food,"Fireweed, leaves, raw"
,,,1104705,foundation_food,"Flour, soy, defatted"
,,,1104766,foundation_food,"Flour, soy, full-fat"
,,,1104647,foundation_food,"Garlic, raw"
,,,1103354,survey_fndds_food,"Garlic, raw"
,,,169230,sr_legacy_food,"Garlic, raw"
,,,169231,sr_legacy_food,"Ginger root, raw"
,,,173030,sr_legacy_food,"Gooseberries, raw"
,,,168414,sr_legacy_food,"Gourd, dishcloth (towelgourd), raw"
,,,169232,sr_legacy_food,"Gourd, white-flowered (calabash), raw"
,,,2003592,foundation_food,"Grape juice, purple, with added vitamin C, from concentrate, shelf stable"
,,,2003593,foundation_food,"Grape juice, white, with added vitamin C, from concentrate, shelf stable"
,,,168575,sr_legacy_food,"Grape leaves, raw"
,,,167774,sr_legacy_food,"Grapefruit juice, pink, raw"
,,,2003595,foundation_food,"Grapefruit juice, red, not fortified, not from concentrate, refrigerated"
,,,325287,foundation_food,"Grapefruit juice, white, canned or bottled, unsweetened"
,,,173039,sr_legacy_food,"Grapefruit juice, white, raw"
,,,1102591,survey_fndds_food,"Grapefruit, raw"
,,,173033,sr_legacy_food,"Grapefruit, raw, pink and red and white, all areas"
,,,174673,sr_legacy_food,"Grapefruit, raw, pink and red, all areas"
,,,174674,sr_legacy_food,"Grapefruit, raw, pink and red, California and Arizona"
,,,174675,sr_legacy_food,"Grapefruit, raw, pink and red, Florida"
,,,174676,sr_legacy_food,"Grapefruit, raw, white, all areas"
,,,174677,sr_legacy_food,"Grapefruit, raw, white, California"
,,,173034,sr_legacy_food,"Grapefruit, raw, white, Florida"
,,,174682,sr_legacy_food,"Grapes, american type (slip skin), raw"
,,,173040,sr_legacy_food,"Grapes, muscadine, raw"
,,,1102665,survey_fndds_food,"Grapes, raw"
,,,174683,sr_legacy_food,"Grapes, red or green (European type, such as Thompson seedless), raw"
,,,1103337,survey_fndds_food,"Green beans, raw"
,,,1103366,survey_fndds_food,"Green peas, raw"
,,,173043,sr_legacy_food,"Groundcherries, (cape-gooseberries or poha), raw"
,,,1102666,survey_fndds_food,"Guava, raw"
,,,173044,sr_legacy_food,"Guavas, common, raw"
,,,173045,sr_legacy_food,"Guavas, strawberry, raw"
,,,167714,sr_legacy_food,"Hearts of palm, raw"
,,,1102669,survey_fndds_food,"Honeydew melon, raw"
,,,321358,foundation_food,"Hummus, commercial"
,,,175210,sr_legacy_food,"Hyacinth beans, mature seeds, raw"
,,,169234,sr_legacy_food,"Hyacinth-beans, immature seeds, raw"
,,,174687,sr_legacy_food,"Jackfruit, raw"
,,,168150,sr_legacy_food,"Java-plum, (jambolan), raw"
,,,169236,sr_legacy_food,"Jerusalem-artichokes, raw"
,,,169237,sr_legacy_food,"Jew's ear, (pepeao), raw"
,,,1103355,survey_fndds_food,"Jicama, raw"
,,,168151,sr_legacy_food,"Jujube, raw"
,,,168419,sr_legacy_food,"Jute, potherb, raw"
,,,326196,foundation_food,"Kale, frozen, cooked, boiled, drained, without salt"
,,,323505,foundation_food,"Kale, raw"
,,,1103116,survey_fndds_food,"Kale, raw"
,,,168421,sr_legacy_food,"Kale, raw"
,,,1102667,survey_fndds_food,"Kiwi fruit, raw"
,,,327046,foundation_food,"Kiwifruit, green, raw"
,,,168153,sr_legacy_food,"Kiwifruit, green, raw"
,,,168211,sr_legacy_food,"Kiwifruit, ZESPRI SunGold, raw"
,,,1103356,survey_fndds_food,"Kohlrabi, raw"
,,,168424,sr_legacy_food,"Kohlrabi, raw"
,,,1102593,survey_fndds_food,"Kumquat, raw"
,,,168154,sr_legacy_food,"Kumquats, raw"
,,,169244,sr_legacy_food,"Lambsquarters, raw"
,,,1103357,survey_fndds_food,"Leek, raw"
,,,169246,sr_legacy_food,"Leeks, (bulb and lower leaf-portion), raw"
,,,168573,sr_legacy_food,"Lemon grass (citronella), raw"
,,,167747,sr_legacy_food,"Lemon juice, raw"
,,,167749,sr_legacy_food,"Lemon peel, raw"
,,,1102594,survey_fndds_food,"Lemon, raw"
,,,167746,sr_legacy_food,"Lemons, raw, without peel"
,,,174284,sr_legacy_food,"Lentils, pink or red, raw"
,,,172420,sr_legacy_food,"Lentils, raw"
,,,168427,sr_legacy_food,"Lentils, sprouted, raw"
,,,1103360,survey_fndds_food,"Lettuce, arugula, raw"
,,,1103359,survey_fndds_food,"Lettuce, Boston, raw"
,,,168429,sr_legacy_food,"Lettuce, butterhead (includes boston and bibb types), raw"
,,,746769,foundation_food,"Lettuce, cos or romaine, raw"
,,,169247,sr_legacy_food,"Lettuce, cos or romaine, raw"
,,,169249,sr_legacy_food,"Lettuce, green leaf, raw"
,,,169248,sr_legacy_food,"Lettuce, iceberg (includes crisphead types), raw"
,,,1103358,survey_fndds_food,"Lettuce, raw"
,,,168431,sr_legacy_food,"Lettuce, red leaf, raw"
,,,168396,sr_legacy_food,"Lima beans, immature seeds, raw"
,,,174252,sr_legacy_food,"Lima beans, large, mature seeds, raw"
,,,174255,sr_legacy_food,"Lima beans, thin seeded (baby), mature seeds, raw"
,,,168156,sr_legacy_food,"Lime juice, raw"
,,,1102596,survey_fndds_food,"Lime, raw"
,,,168155,sr_legacy_food,"Limes, raw"
,,,169086,sr_legacy_food,"Litchis, raw"
,,,169089,sr_legacy_food,"Longans, raw"
,,,169908,sr_legacy_food,"Loquats, raw"
,,,169250,sr_legacy_food,"Lotus root, raw"
,,,172423,sr_legacy_food,"Lupins, mature seeds, raw"
,,,169909,sr_legacy_food,"Mammy-apple, (mamey), raw"
,,,1102670,survey_fndds_food,"Mango, raw"
,,,169910,sr_legacy_food,"Mangos, raw"
,,,746770,foundation_food,"Melons, cantaloupe, raw"
,,,169092,sr_legacy_food,"Melons, cantaloupe, raw"
,,,169093,sr_legacy_food,"Melons, casaba, raw"
,,,169911,sr_legacy_food,"Melons, honeydew, raw"
,,,746772,foundation_food,"Milk, lowfat, fluid, 1% milkfat, with added vitamin A and vitamin D"
,,,746776,foundation_food,"Milk, nonfat, fluid, with added vitamin A and vitamin D (fat free or skim)"
,,,746778,foundation_food,"Milk, reduced fat, fluid, 2% milkfat, with added vitamin A and vitamin D"
,,,746782,foundation_food,"Milk, whole, 3.25% milkfat, with added vitamin D"
,,,1103361,survey_fndds_food,"Mixed salad greens, raw"
,,,172425,sr_legacy_food,"Mothbeans, mature seeds, raw"
,,,168432,sr_legacy_food,"Mountain yam, hawaii, raw"
,,,169913,sr_legacy_food,"Mulberries, raw"
,,,174256,sr_legacy_food,"Mung beans, mature seeds, raw"
,,,169957,sr_legacy_food,"Mung beans, mature seeds, sprouted, raw"
,,,174259,sr_legacy_food,"Mungo beans, mature seeds, raw"
,,,2003603,foundation_food,"Mushroom, beech"
,,,2003601,foundation_food,"Mushroom, crimini"
,,,2003600,foundation_food,"Mushroom, enoki"
,,,2003599,foundation_food,"Mushroom, king oyster"
,,,1999626,foundation_food,"Mushroom, lion's mane"
,,,2003602,foundation_food,"Mushroom, maitake"
,,,1999627,foundation_food,"Mushroom, oyster"
,,,2003604,foundation_food,"Mushroom, pioppini"
,,,2003598,foundation_food,"Mushroom, portabella"
,,,169376,sr_legacy_food,"Mushroom, white, exposed to ultraviolet light, raw"
,,,168557,sr_legacy_food,"Mushrooms, brown, italian, or crimini, exposed to ultraviolet light, raw"
,,,168434,sr_legacy_food,"Mushrooms, brown, italian, or crimini, raw"
,,,168422,sr_legacy_food,"Mushrooms, Chanterelle, raw"
,,,169382,sr_legacy_food,"Mushrooms, enoki, raw"
,,,169403,sr_legacy_food,"Mushrooms, maitake, raw"
,,,168423,sr_legacy_food,"Mushrooms, morel, raw"
,,,168580,sr_legacy_food,"Mushrooms, oyster, raw"
,,,170143,sr_legacy_food,"Mushrooms, portabella, exposed to ultraviolet light, raw"
,,,169255,sr_legacy_food,"Mushrooms, portabella, raw"
,,,1103362,survey_fndds_food,"Mushrooms, raw"
,,,1999628,foundation_food,"Mushrooms, shiitake"
,,,169242,sr_legacy_food,"Mushrooms, shiitake, raw"
,,,1999629,foundation_food,"Mushrooms, white button"
,,,169251,sr_legacy_food,"Mushrooms, white, raw"
,,,1103126,survey_fndds_food,"Mustard greens, raw"
,,,169256,sr_legacy_food,"Mustard greens, raw"
,,,168438,sr_legacy_food,"Mustard spinach, (tendergreen), raw"
,,,326698,foundation_food,"Mustard, prepared, yellow"
,,,1102673,survey_fndds_food,"Nectarine, raw"
,,,327357,foundation_food,"Nectarines, raw"
,,,169914,sr_legacy_food,"Nectarines, raw"
,,,168440,sr_legacy_food,"New Zealand spinach, raw"
,,,168571,sr_legacy_food,"Nopales, raw"
,,,170157,sr_legacy_food,"Nuts, acorns, raw"
,,,323294,foundation_food,"Nuts, almonds, dry roasted, with salt added"
,,,170162,sr_legacy_food,"Nuts, cashew nuts, raw"
,,,170164,sr_legacy_food,"Nuts, chestnuts, chinese, raw"
,,,170575,sr_legacy_food,"Nuts, chestnuts, european, raw, peeled"
,,,170574,sr_legacy_food,"Nuts, chestnuts, european, raw, unpeeled"
,,,169413,sr_legacy_food,"Nuts, chestnuts, japanese, raw"
,,,170580,sr_legacy_food,"Nuts, coconut cream, raw (liquid expressed from grated meat)"
,,,170169,sr_legacy_food,"Nuts, coconut meat, raw"
,,,170172,sr_legacy_food,"Nuts, coconut milk, raw (liquid expressed from grated meat and water)"
,,,170584,sr_legacy_food,"Nuts, ginkgo nuts, raw"
,,,170178,sr_legacy_food,"Nuts, macadamia nuts, raw"
,,,170184,sr_legacy_food,"Nuts, pistachio nuts, raw"
,,,1101825,survey_fndds_food,"Oats, raw"
,,,169915,sr_legacy_food,"Oheloberries, raw"
,,,748278,foundation_food,"Oil, canola"
,,,330458,foundation_food,"Oil, coconut"
,,,748323,foundation_food,"Oil, corn"
,,,1750351,foundation_food,"Oil, olive, extra light"
,,,748608,foundation_food,"Oil, olive, extra virgin"
,,,1750348,foundation_food,"Oil, peanut"
,,,1750350,foundation_food,"Oil, safflower"
,,,748366,foundation_food,"Oil, soybean"
,,,1750349,foundation_food,"Oil, sunflower"
,,,169260,sr_legacy_food,"Okra, raw"
,,,332791,foundation_food,"Olives, green, Manzanilla, stuffed with pimiento"
,,,1103363,survey_fndds_food,"Onions, green, raw"
,,,1103364,survey_fndds_food,"Onions, raw"
,,,170000,sr_legacy_food,"Onions, raw"
,,,790577,foundation_food,"Onions, red, raw"
,,,170005,sr_legacy_food,"Onions, spring or scallions (includes tops and bulb), raw"
,,,170008,sr_legacy_food,"Onions, sweet, raw"
,,,170007,sr_legacy_food,"Onions, welsh, raw"
,,,1104962,foundation_food,"Onions, white, raw"
,,,790646,foundation_food,"Onions, yellow, raw"
,,,2003591,foundation_food,"Orange juice, no pulp, not fortified, from concentrate, refrigerated"
,,,2003597,foundation_food,"Orange juice, no pulp, not fortified, not from concentrate, refrigerated"
,,,169098,sr_legacy_food,"Orange juice, raw (Includes foods for USDA's Food Distribution Program)"
,,,169103,sr_legacy_food,"Orange peel, raw"
,,,1102597,survey_fndds_food,"Orange, raw"
,,,169097,sr_legacy_food,"Oranges, raw, all commercial varieties"
,,,169916,sr_legacy_food,"Oranges, raw, California, valencias"
,,,169918,sr_legacy_food,"Oranges, raw, Florida"
,,,746771,foundation_food,"Oranges, raw, navels"
,,,169917,sr_legacy_food,"Oranges, raw, navels (Includes foods for USDA's Food Distribution Program)"
,,,169919,sr_legacy_food,"Oranges, raw, with peel"
,,,1102674,survey_fndds_food,"Papaya, raw"
,,,169926,sr_legacy_food,"Papayas, raw"
,,,1103365,survey_fndds_food,"Parsley, raw"
,,,170417,sr_legacy_food,"Parsnips, raw"
,,,1102676,survey_fndds_food,"Passion fruit, raw"
,,,169109,sr_legacy_food,"Passion-fruit juice, purple, raw"
,,,169110,sr_legacy_food,"Passion-fruit juice, yellow, raw"
,,,169108,sr_legacy_food,"Passion-fruit, (granadilla), purple, raw"
,,,1102677,survey_fndds_food,"Peach, raw"
,,,325430,foundation_food,"Peaches, yellow, raw"
,,,169928,sr_legacy_food,"Peaches, yellow, raw"
,,,324860,foundation_food,"Peanut butter, smooth style, with salt"
,,,172430,sr_legacy_food,"Peanuts, all types, raw"
,,,174263,sr_legacy_food,"Peanuts, spanish, raw"
,,,172432,sr_legacy_food,"Peanuts, valencia, raw"
,,,172434,sr_legacy_food,"Peanuts, virginia, raw"
,,,1102683,survey_fndds_food,"Pear, Asian, raw"
,,,1102682,survey_fndds_food,"Pear, raw"
,,,168177,sr_legacy_food,"Pears, asian, raw"
,,,169118,sr_legacy_food,"Pears, raw"
,,,746773,foundation_food,"Pears, raw, bartlett"
,,,167776,sr_legacy_food,"Pears, raw, bartlett (Includes foods for USDA's Food Distribution Program)"
,,,167778,sr_legacy_food,"Pears, raw, bosc (Includes foods for USDA's Food Distribution Program)"
,,,167779,sr_legacy_food,"Pears, raw, green anjou (Includes foods for USDA's Food Distribution Program)"
,,,167777,sr_legacy_food,"Pears, raw, red anjou"
,,,170010,sr_legacy_food,"Peas, edible-podded, raw"
,,,170419,sr_legacy_food,"Peas, green, raw"
,,,172428,sr_legacy_food,"Peas, green, split, mature seeds, raw"
,,,170422,sr_legacy_food,"Peas, mature seeds, sprouted, raw"
,,,1103373,survey_fndds_food,"Pepper, banana, raw"
,,,169394,sr_legacy_food,"Pepper, banana, raw"
,,,1103367,survey_fndds_food,"Pepper, hot chili, raw"
,,,1103368,survey_fndds_food,"Pepper, poblano, raw"
,,,1103370,survey_fndds_food,"Pepper, raw, NFS"
,,,1103369,survey_fndds_food,"Pepper, Serrano, raw"
,,,1103371,survey_fndds_food,"Pepper, sweet, green, raw"
,,,1103372,survey_fndds_food,"Pepper, sweet, red, raw"
,,,170497,sr_legacy_food,"Peppers, hot chili, green, raw"
,,,170106,sr_legacy_food,"Peppers, hot chili, red, raw"
,,,168578,sr_legacy_food,"Peppers, hungarian, raw"
,,,168576,sr_legacy_food,"Peppers, jalapeno, raw"
,,,169395,sr_legacy_food,"Peppers, serrano, raw"
,,,170427,sr_legacy_food,"Peppers, sweet, green, raw"
,,,170108,sr_legacy_food,"Peppers, sweet, red, raw"
,,,169383,sr_legacy_food,"Peppers, sweet, yellow, raw"
,,,1102687,survey_fndds_food,"Persimmon, raw"
,,,169941,sr_legacy_food,"Persimmons, japanese, raw"
,,,169943,sr_legacy_food,"Persimmons, native, raw"
,,,324653,foundation_food,"Pickles, cucumber, dill or kosher dill"
,,,172436,sr_legacy_food,"Pigeon peas (red gram), mature seeds, raw"
,,,170025,sr_legacy_food,"Pigeonpeas, immature seeds, raw"
,,,1102688,survey_fndds_food,"Pineapple, raw"
,,,169124,sr_legacy_food,"Pineapple, raw, all varieties"
,,,168194,sr_legacy_food,"Pineapple, raw, extra sweet variety"
,,,168193,sr_legacy_food,"Pineapple, raw, traditional varieties"
,,,169129,sr_legacy_food,"Pitanga, (surinam-cherry), raw"
,,,168215,sr_legacy_food,"Plantains, green, raw"
,,,169130,sr_legacy_food,"Plantains, yellow, raw"
,,,1102693,survey_fndds_food,"Plum, raw"
,,,169949,sr_legacy_food,"Plums, raw"
,,,170432,sr_legacy_food,"Pokeberry shoots, (poke), raw"
,,,1102695,survey_fndds_food,"Pomegranate, raw"
,,,169134,sr_legacy_food,"Pomegranates, raw"
,,,170026,sr_legacy_food,"Potatoes, flesh and skin, raw"
,,,170032,sr_legacy_food,"Potatoes, raw, skin"
,,,170029,sr_legacy_food,"Potatoes, red, flesh and skin, raw"
,,,170027,sr_legacy_food,"Potatoes, russet, flesh and skin, raw (Includes foods for USDA's Food Distribution Program)"
,,,170028,sr_legacy_food,"Potatoes, white, flesh and skin, raw"
,,,167750,sr_legacy_food,"Prickly pears, raw"
,,,167754,sr_legacy_food,"Pummelo, raw"
,,,169270,sr_legacy_food,"Pumpkin flowers, raw"
,,,169272,sr_legacy_food,"Pumpkin leaves, raw"
,,,168448,sr_legacy_food,"Pumpkin, raw"
,,,169274,sr_legacy_food,"Purslane, raw"
,,,168163,sr_legacy_food,"Quinces, raw"
,,,1103135,survey_fndds_food,"Radicchio, raw"
,,,168564,sr_legacy_food,"Radicchio, raw"
,,,170095,sr_legacy_food,"Radish seeds, sprouted, raw"
,,,1103374,survey_fndds_food,"Radish, raw"
,,,168451,sr_legacy_food,"Radishes, oriental, raw"
,,,169276,sr_legacy_food,"Radishes, raw"
,,,170081,sr_legacy_food,"Radishes, white icicle, raw"
,,,1102708,survey_fndds_food,"Raspberries, raw"
,,,167755,sr_legacy_food,"Raspberries, raw"
,,,1103331,survey_fndds_food,"Raw vegetable, NFS"
,,,167758,sr_legacy_food,"Rhubarb, raw"
,,,1103064,survey_fndds_food,"Ripe plantain, raw"
,,,1103106,survey_fndds_food,"Romaine lettuce, raw"
,,,168171,sr_legacy_food,"Rose-apples, raw"
,,,168170,sr_legacy_food,"Roselle, raw"
,,,167783,sr_legacy_food,"Rowal, raw"
,,,1103375,survey_fndds_food,"Rutabaga, raw"
,,,168454,sr_legacy_food,"Rutabagas, raw"
,,,169277,sr_legacy_food,"Salsify, (vegetable oyster), raw"
,,,746775,foundation_food,"Salt, table, iodized"
,,,167759,sr_legacy_food,"Sapodilla, raw"
,,,167760,sr_legacy_food,"Sapote, mamey, raw"
,,,169280,sr_legacy_food,"Seaweed, agar, raw"
,,,168456,sr_legacy_food,"Seaweed, irishmoss, raw"
,,,168457,sr_legacy_food,"Seaweed, kelp, raw"
,,,168458,sr_legacy_food,"Seaweed, laver, raw"
,,,1103376,survey_fndds_food,"Seaweed, raw"
,,,170091,sr_legacy_food,"Seaweed, spirulina, raw"
,,,170496,sr_legacy_food,"Seaweed, wakame, raw"
,,,170144,sr_legacy_food,"Seeds, breadfruit seeds, raw"
,,,170552,sr_legacy_food,"Seeds, breadnut tree seeds, raw"
,,,168591,sr_legacy_food,"Seeds, lotus seeds, raw"
,,,325524,foundation_food,"Seeds, sunflower seed kernels, dry roasted, with salt added"
,,,168459,sr_legacy_food,"Sesbania flower, raw"
,,,170499,sr_legacy_food,"Shallots, raw"
,,,1103377,survey_fndds_food,"Snowpeas, raw"
,,,167761,sr_legacy_food,"Soursop, raw"
,,,174273,sr_legacy_food,"Soy flour, full-fat, raw"
,,,172445,sr_legacy_food,"Soy meal, defatted, raw"
,,,1999630,foundation_food,"Soy milk, unsweetened, plain, shelf stable"
,,,169282,sr_legacy_food,"Soybeans, green, raw"
,,,174270,sr_legacy_food,"Soybeans, mature seeds, raw"
,,,169284,sr_legacy_food,"Soybeans, mature seeds, sprouted, raw"
,,,1999632,foundation_food,"Spinach, baby"
,,,1999633,foundation_food,"Spinach, mature"
,,,1103136,survey_fndds_food,"Spinach, raw"
,,,168462,sr_legacy_food,"Spinach, raw"
,,,170487,sr_legacy_food,"Squash, summer, all varieties, raw"
,,,168464,sr_legacy_food,"Squash, summer, crookneck and straightneck, raw"
,,,169289,sr_legacy_food,"Squash, summer, scallop, raw"
,,,169291,sr_legacy_food,"Squash, summer, zucchini, includes skin, raw"
,,,168472,sr_legacy_food,"Squash, winter, acorn, raw"
,,,170489,sr_legacy_food,"Squash, winter, all varieties, raw"
,,,169295,sr_legacy_food,"Squash, winter, butternut, raw"
,,,168475,sr_legacy_food,"Squash, winter, hubbard, raw"
,,,169298,sr_legacy_food,"Squash, winter, spaghetti, raw"
,,,168565,sr_legacy_food,"Squash, zucchini, baby, raw"
,,,1102656,survey_fndds_food,"Starfruit, raw"
,,,1102711,survey_fndds_food,"Strawberries, canned"
,,,1102712,survey_fndds_food,"Strawberries, frozen"
,,,747448,foundation_food,"Strawberries, raw"
,,,1102710,survey_fndds_food,"Strawberries, raw"
,,,167762,sr_legacy_food,"Strawberries, raw"
,,,1102759,survey_fndds_food,"Strawberry juice, 100%"
,,,169300,sr_legacy_food,"Succotash, (corn and limas), raw"
,,,168175,sr_legacy_food,"Sugar-apples, (sweetsop), raw"
,,,1103379,survey_fndds_food,"Summer squash, green, raw"
,,,1103378,survey_fndds_food,"Summer squash, yellow, raw"
,,,169303,sr_legacy_food,"Sweet potato leaves, raw"
,,,168482,sr_legacy_food,"Sweet potato, raw, unprepared (Includes foods for USDA's Food Distribution Program)"
,,,167763,sr_legacy_food,"Tamarinds, raw"
,,,169925,sr_legacy_food,"Tangerine juice, raw"
,,,1102601,survey_fndds_food,"Tangerine, raw"
,,,169105,sr_legacy_food,"Tangerines, (mandarin oranges), raw"
,,,168487,sr_legacy_food,"Taro leaves, raw"
,,,168489,sr_legacy_food,"Taro shoots, raw"
,,,169308,sr_legacy_food,"Taro, raw"
,,,169310,sr_legacy_food,"Taro, tahitian, raw"
,,,172475,sr_legacy_food,"Tofu, raw, firm, prepared with calcium sulfate"
,,,172476,sr_legacy_food,"Tofu, raw, regular, prepared with calcium sulfate"
,,,168566,sr_legacy_food,"Tomatillos, raw"
,,,2003596,foundation_food,"Tomato juice, with added ingredients, from concentrate, shelf stable"
,,,1999634,foundation_food,"Tomato, roma"
,,,333281,foundation_food,"Tomatoes, canned, red, ripe, diced"
,,,321360,foundation_food,"Tomatoes, grape, raw"
,,,170456,sr_legacy_food,"Tomatoes, green, raw"
,,,170502,sr_legacy_food,"Tomatoes, orange, raw"
,,,1103276,survey_fndds_food,"Tomatoes, raw"
,,,170457,sr_legacy_food,"Tomatoes, red, ripe, raw, year round average"
,,,170096,sr_legacy_food,"Tomatoes, yellow, raw"
,,,170061,sr_legacy_food,"Turnip greens, raw"
,,,1103380,survey_fndds_food,"Turnip, raw"
,,,170465,sr_legacy_food,"Turnips, raw"
,,,170474,sr_legacy_food,"Vinespinach, (basella), raw"
,,,168583,sr_legacy_food,"Wasabi, root, raw"
,,,170066,sr_legacy_food,"Waterchestnuts, chinese, (matai), raw"
,,,1103166,survey_fndds_food,"Watercress, raw"
,,,170068,sr_legacy_food,"Watercress, raw"
,,,1102698,survey_fndds_food,"Watermelon, raw"
,,,167765,sr_legacy_food,"Watermelon, raw"
,,,170069,sr_legacy_food,"Waxgourd, (chinese preserving melon), raw"
,,,170478,sr_legacy_food,"Winged bean leaves, raw"
,,,170070,sr_legacy_food,"Winged bean tuber, raw"
,,,170476,sr_legacy_food,"Winged beans, immature seeds, raw"
,,,174283,sr_legacy_food,"Winged beans, mature seeds, raw"
,,,1103228,survey_fndds_food,"Winter squash, raw"
,,,170071,sr_legacy_food,"Yam, raw"
,,,170073,sr_legacy_food,"Yambean (jicama), raw"
,,,169222,sr_legacy_food,"Yardlong bean, raw"
,,,174281,sr_legacy_food,"Yardlong beans, mature seeds, raw"
,,,169401,sr_legacy_food,"Yautia (tannier), raw"
,,,330137,foundation_food,"Yogurt, Greek, plain, nonfat"
,,,330415,foundation_food,"Yogurt, Greek, strawberry, nonfat"